14,15,16,17,18,19,13,14,15,16,17,18,19,13,14,15,16,17,18,19,13,14,15,16,17,18,19,13,14,15,16,17,18,19,13,14,15,16,17,18,19,13,14,15,16,17,18,19,13,14,15,16,17,18,19,13,14,15,16,17,18,19,13,14,15,16,17,18,19,13,14,15,16,17,18,19,13,14,15,16,17,18,19,13,14,15,16,17,18,19,13,14,15,16,17,18,19,13,14,15,16,17,18,19,13,14,15,16,17,18,19,13,14,15,16,17,18,19,13,14,15,16,17,18,19,13,14,15,16,17,18,19,13,14,15,16,17,18,19,13,14,15,16,17,18,19,13,14,15,16,17,18,19,13,14,15,16,17,18,19,13,14,15,16,17,18,19,13,14,15,16,17,18,19,13,14,15,16,17,18,19,13,14,15,16,17,18,19,13,14,15,16,17,18,19,13,14,15,16,17,18,19,13,14,15,16,17,18,19,13,14,15,16,17,18,19,13,14,15,16,17,18,19,13,14,15,16,17,18,19,13,14,15,16,17,18,19,13,14,15,16,17,18,19,13,14,15,16,17,18,19
104,105,106,107,108,109,103,104,105,106,107,108,109,103,104,105,106,107,108,109,103,104,105,106,107,108,109,103,104,105,106,107,108,109,103,104,105,106,107,108,109,103,104,105,106,107,108,109,103,104,105,106,107,108,109,103,104,105,106,107,108,109,103,104,105,106,107,108,109,103,104,105,106,107,108,109,103,104,105,106,107,108,109,103,104,105,106,107,108,109,103,104,105,106,107,108,109,103,104,105,106,107,108,109,103,104,105,106,107,108,109,103,104,105,106,107,108,109,103,104,105,106,107,108,109,103,104,105,106,107,108,109,103,104,105,106,107,108,109,103,104,105,106,107,108,109,103,104,105,106,107,108,109,103,104,105,106,107,108,109,103,104,105,106,107,108,109,103,104,105,106,107,108,109,103,104,105,106,107,108,109,103,104,105,106,107,108,109,103,104,105,106,107,108,109,103,104,105,106,107,108,109,103,104,105,106,107,108,109,103,104,105,106,107,108,109,103,104,105,106,107,108,109,103,104,105,106,107,108,109,103,104,105,106,107,108,109,103,104,105,106,107,108,109,103,104,105,106,107,108,109
464,465,466,467,468,469,463,464,465,466,467,468,469,463,464,465,466,467,468,469,463,464,465,466,467,468,469,463,464,465,466,467,468,469,463,464,465,466,467,468,469,463,464,465,466,467,468,469,463,464,465,466,467,468,469,463,464,465,466,467,468,469,463,464,465,466,467,468,469,463,464,465,466,467,468,469,463,464,465,466,467,468,469,463,464,465,466,467,468,469,463,464,465,466,467,468,469,463,464,465,466,467,468,469,463,464,465,466,467,468,469,463,464,465,466,467,468,469,463,464,465,466,467,468,469,463,464,465,466,467,468,469,463,464,465,466,467,468,469,463,464,465,466,467,468,469,463,464,465,466,467,468,469,463,464,465,466,467,468,469,463,464,465,466,467,468,469,463,464,465,466,467,468,469,463,464,465,466,467,468,469,463,464,465,466,467,468,469,463,464,465,466,467,468,469,463,464,465,466,467,468,469,463,464,465,466,467,468,469,463,464,465,466,467,468,469,463,464,465,466,467,468,469,463,464,465,466,467,468,469,463,464,465,466,467,468,469,463,464,465,466,467,468,469,463,464,465,466,467,468,469
554,555,556,557,558,559,553,554,555,556,557,558,559,553,554,555,556,557,558,559,553,554,555,556,557,558,559,553,554,555,556,557,558,559,553,554,555,556,557,558,559,553,554,555,556,557,558,559,553,554,555,556,557,558,559,553,554,555,556,557,558,559,553,554,555,556,557,558,559,553,554,555,556,557,558,559,553,554,555,556,557,558,559,553,554,555,556,557,558,559,553,554,555,556,557,558,559,553,554,555,556,557,558,559,553,554,555,556,557,558,559,553,554,555,556,557,558,559,553,554,555,556,557,558,559,553,554,555,556,557,558,559,553,554,555,556,557,558,559,553,554,555,556,557,558,559,553,554,555,556,557,558,559,553,554,555,556,557,558,559,553,554,555,556,557,558,559,553,554,555,556,557,558,559,553,554,555,556,557,558,559,553,554,555,556,557,558,559,553,554,555,556,557,558,559,553,554,555,556,557,558,559,553,554,555,556,557,558,559,553,554,555,556,557,558,559,553,554,555,556,557,558,559,553,554,555,556,557,558,559,553,554,555,556,557,558,559,553,554,555,556,557,558,559,553,554,555,556,557,558,559
644,645,646,647,648,649,643,644,645,646,647,648,649,643,644,645,646,647,648,649,643,644,645,646,647,648,649,643,644,645,646,647,648,649,643,644,645,646,647,648,649,643,644,645,646,647,648,649,643,644,645,646,647,648,649,643,644,645,646,647,648,649,643,644,645,646,647,648,649,643,644,645,646,647,648,649,643,644,645,646,647,648,649,643,644,645,646,647,648,649,643,644,645,646,647,648,649,643,644,645,646,647,648,649,643,644,645,646,647,648,649,643,644,645,646,647,648,649,643,644,645,646,647,648,649,643,644,645,646,647,648,649,643,644,645,646,647,648,649,643,644,645,646,647,648,649,643,644,645,646,647,648,649,643,644,645,646,647,648,649,643,644,645,646,647,648,649,643,644,645,646,647,648,649,643,644,645,646,647,648,649,643,644,645,646,647,648,649,643,644,645,646,647,648,649,643,644,645,646,647,648,649,643,644,645,646,647,648,649,643,644,645,646,647,648,649,643,644,645,646,647,648,649,643,644,645,646,647,648,649,643,644,645,646,647,648,649,643,644,645,646,647,648,649,643,644,645,646,647,648,649
734,735,736,737,738,739,733,734,735,736,737,738,739,733,734,735,736,737,738,739,733,734,735,736,737,738,739,733,734,735,736,737,738,739,733,734,735,736,737,738,739,733,734,735,736,737,738,739,733,734,735,736,737,738,739,733,734,735,736,737,738,739,733,734,735,736,737,738,739,733,734,735,736,737,738,739,733,734,735,736,737,738,739,733,734,735,736,737,738,739,733,734,735,736,737,738,739,733,734,735,736,737,738,739,733,734,735,736,737,738,739,733,734,735,736,737,738,739,733,734,735,736,737,738,739,733,734,735,736,737,738,739,733,734,735,736,737,738,739,733,734,735,736,737,738,739,733,734,735,736,737,738,739,733,734,735,736,737,738,739,733,734,735,736,737,738,739,733,734,735,736,737,738,739,733,734,735,736,737,738,739,733,734,735,736,737,738,739,733,734,735,736,737,738,739,733,734,735,736,737,738,739,733,734,735,736,737,738,739,733,734,735,736,737,738,739,733,734,735,736,737,738,739,733,734,735,736,737,738,739,733,734,735,736,737,738,739,733,734,735,736,737,738,739,733,734,735,736,737,738,739
824,825,826,827,828,829,823,824,825,826,827,828,829,823,824,825,826,827,828,829,823,824,825,826,827,828,829,823,824,825,826,827,828,829,823,824,825,826,827,828,829,823,824,825,826,827,828,829,823,824,825,826,827,828,829,823,824,825,826,827,828,829,823,824,825,826,827,828,829,823,824,825,826,827,828,829,823,824,825,826,827,828,829,823,824,825,826,827,828,829,823,824,825,826,827,828,829,823,824,825,826,827,828,829,823,824,825,826,827,828,829,823,824,825,826,827,828,829,823,824,825,826,827,828,829,823,824,825,826,827,828,829,823,824,825,826,827,828,829,823,824,825,826,827,828,829,823,824,825,826,827,828,829,823,824,825,826,827,828,829,823,824,825,826,827,828,829,823,824,825,826,827,828,829,823,824,825,826,827,828,829,823,824,825,826,827,828,829,823,824,825,826,827,828,829,823,824,825,826,827,828,829,823,824,825,826,827,828,829,823,824,825,826,827,828,829,823,824,825,826,827,828,829,823,824,825,826,827,828,829,823,824,825,826,827,828,829,823,824,825,826,827,828,829,823,824,825,826,827,828,829
1264,1264,1264,1264,1264,1264,1264,1264,1264,1264,1264,1264,1264,1264,1264,1264,1264,1264,1264,1264,1264,1264,1264,1264,1264,1264,1264,1264,1264,1264,1264,1264,1264,1264,1264,1264,1264,1264,1264,1264,1264,1264,1264,1264,1264,1264,1264,1264,1264,1264,1264,1264,1264,1264,1264,1264,1264,1264,1264,1264,1264,1264,1264,1264,1264,1264,1264,1264,1264,1264,1264,1264,1264,1264,1264,1264,1264,1264,1264,1264,1264,1264,1264,1264,1264,1264,1264,1264,1264,1264,1264,1264,1264,1264,1264,1264,1264,1264,1264,1264,1264,1264,1264,1264,1264,1264,1264,1264,1264,1264,1264,1264,1264,1264,1264,1264,1264,1264,1264,1264,1264,1264,1264,1264,1264,1264,1264,1264,1264,1264,1264,1264,1264,1264,1264,1264,1264,1264,1264,1264,1264,1264,1264,1264,1264,1264,1264,1264,1264,1264,1264,1264,1264,1264,1264,1264,1264,1264,1264,1264,1264,1264,1264,1264,1264,1264,1264,1264,1264,1264,1264,1264,1264,1264,1264,1264,1264,1264,1264,1264,1264,1264,1264,1264,1264,1264,1264,1264,1264,1264,1264,1264,1264,1264,1264,1264,1264,1264,1264,1264,1264,1264,1264,1264,1264,1264,1264,1264,1264,1264,1264,1264,1264,1264,1264,1264,1264,1264,1264,1264,1264,1264,1264,1264,1264,1264,1264,1264,1264,1264,1264,1264,1264,1264,1264,1264,1264,1264,1264,1264,1264,1264,1264,1264,1264,1264,1264,1264,1264,1264,1264
30,31,32,33,34,30,31,32,33,34,30,31,32,33,34,30,31,32,33,34,30,31,32,33,34,30,31,32,33,34,30,31,32,33,34,30,31,32,33,34,30,31,32,33,34,30,31,32,33,34,30,31,32,33,34,30,31,32,33,34,30,31,32,33,34,30,31,32,33,34,30,31,32,33,34,30,31,32,33,34,30,31,32,33,34,30,31,32,33,34,30,31,32,33,34,30,31,32,33,34,30,31,32,33,34,30,31,32,33,34,30,31,32,33,34,30,31,32,33,34,30,31,32,33,34,30,31,32,33,34,30,31,32,33,34,30,31,32,33,34,30,31,32,33,34,30,31,32,33,34,30,31,32,33,34,30,31,32,33,34,30,31,32,33,34,30,31,32,33,34,30,31,32,33,34,30,31,32,33,34,30,31,32,33,40,41,42,43,44,45,46,47,48,49,34,30,31,32,33,34,30,31,32,33,34,30,31,32,33,34,40,41,42,43,44,45,46,47,48,49,30,31,32,33,34,30,31,32,33,34,30,31,32,33,34,30,31,32,33,34,30,31,32,33,34,30,31,32,33,34,35
120,121,122,123,124,120,121,122,123,124,120,121,122,123,124,120,121,122,123,124,120,121,122,123,124,120,121,122,123,124,120,121,122,123,124,120,121,122,123,124,120,121,122,123,124,120,121,122,123,124,120,121,122,123,124,120,121,122,123,124,120,121,122,123,124,120,121,122,123,124,120,121,122,123,124,120,121,122,123,124,120,121,122,123,124,120,121,122,123,124,120,121,122,123,124,120,121,122,123,124,120,121,122,123,124,120,121,122,123,124,120,121,122,123,124,120,121,122,123,124,120,121,122,123,124,120,121,122,123,124,120,121,122,123,124,120,121,122,123,124,120,121,122,123,124,120,121,122,123,124,120,121,122,123,124,120,121,122,123,124,120,121,122,123,124,120,121,122,123,124,120,121,122,123,124,120,121,122,123,124,120,121,122,123,130,131,132,133,134,135,136,137,138,139,124,120,121,122,123,124,120,121,122,123,124,120,121,122,123,124,130,131,132,133,134,135,136,137,138,139,120,121,122,123,124,120,121,122,123,124,120,121,122,123,124,120,121,122,123,124,120,121,122,123,124,120,121,122,123,124,125
210,211,212,213,214,210,211,212,213,214,210,211,212,213,214,210,211,212,213,214,210,211,212,213,214,210,211,212,213,214,210,211,212,213,214,210,211,212,213,214,210,211,212,213,214,210,211,212,213,214,210,211,212,213,214,210,211,212,213,214,210,211,212,213,214,210,211,212,213,214,210,211,212,213,214,210,211,212,213,214,210,211,212,213,214,210,211,212,213,214,210,211,212,213,214,210,211,212,213,214,210,211,212,213,214,210,211,212,213,214,210,211,212,213,214,210,211,212,213,214,210,211,212,213,214,210,211,212,213,214,210,211,212,213,214,210,211,212,213,214,210,211,212,213,214,210,211,212,213,214,210,211,212,213,214,210,211,212,213,214,210,211,212,213,214,210,211,212,213,214,210,211,212,213,214,210,211,212,213,214,210,211,212,213,220,221,222,223,224,225,226,227,228,229,214,210,211,212,213,214,210,211,212,213,214,210,211,212,213,214,220,221,222,223,224,225,226,227,228,229,210,211,212,213,214,210,211,212,213,214,210,211,212,213,214,210,211,212,213,214,210,211,212,213,214,210,211,212,213,214,215
487,487,487,487,487,487,487,487,487,487,487,487,487,487,487,487,487,487,487,487,487,487,487,487,487,487,487,487,487,487,487,487,487,487,487,487,487,487,487,487,487,487,487,487,487,487,487,487,487,487,487,487,487,487,487,487,487,487,487,487,487,487,487,487,487,487,487,487,487,487,487,487,487,487,487,487,487,487,487,487,487,487,487,487,487,487,487,487,487,487,487,487,487,487,487,487,487,487,487,487,487,487,487,487,487,487,487,487,487,487,487,487,487,487,487,487,487,487,487,487,487,487,487,487,487,487,487,487,487,487,487,487,487,487,487,487,487,487,487,487,487,487,487,487,487,487,487,487,487,487,487,487,487,487,487,487,487,487,487,487,487,487,487,487,487,487,487,487,487,487,487,487,487,487,487,487,487,487,487,487,487,487,487,487,310,311,312,313,314,315,316,317,318,319,487,487,487,487,487,487,487,487,487,487,487,487,487,487,487,487,310,311,312,313,314,315,316,317,318,319,487,487,487,487,487,487,487,487,487,487,487,487,487,487,487,487,487,487,487,487,487,487,487,487,487,487,487,487,487,487,487
487,487,487,487,487,487,487,487,487,487,487,487,487,487,487,487,487,487,487,487,487,487,487,487,487,487,487,487,487,487,487,487,487,487,487,487,487,487,487,487,487,487,487,487,487,487,487,487,487,487,487,487,487,487,487,487,487,487,487,487,487,487,487,487,487,487,487,487,487,487,487,487,487,487,487,487,487,487,487,487,487,487,487,487,487,487,487,487,487,487,487,487,487,487,487,487,487,487,487,487,487,487,487,487,487,487,487,487,487,487,487,487,487,487,487,487,487,487,487,487,487,487,487,487,487,487,487,487,487,487,487,487,487,487,487,487,487,487,487,487,487,487,487,487,487,487,487,487,487,487,487,487,487,487,487,487,487,487,487,487,487,487,487,487,487,487,487,487,487,487,487,487,487,487,487,487,487,487,487,487,487,487,487,487,400,401,402,403,404,405,406,407,408,409,487,487,487,487,487,487,487,487,487,487,487,487,487,487,487,487,400,401,402,403,404,405,406,407,408,409,487,487,487,487,487,487,487,487,487,487,487,487,487,487,487,487,487,487,487,487,487,487,487,487,487,487,487,487,487,487,487
487,487,487,487,487,487,487,487,487,487,487,487,487,487,487,487,487,487,487,487,487,487,487,487,487,487,487,487,487,487,487,487,487,487,487,487,487,487,487,487,487,487,487,487,487,487,487,487,487,487,487,487,487,487,487,487,487,487,487,487,487,487,487,487,487,487,487,487,487,487,487,487,487,487,487,487,487,487,487,487,487,487,487,487,487,487,487,487,487,487,487,487,487,487,487,487,487,487,487,487,487,487,487,487,487,487,487,487,487,487,487,487,487,487,487,487,487,487,487,487,487,487,487,487,487,487,487,487,487,487,487,487,487,487,487,487,487,487,487,487,487,487,487,487,487,487,487,487,487,487,487,487,487,487,487,487,487,487,487,487,487,487,487,487,487,487,487,487,487,487,487,487,487,487,487,487,487,487,487,487,487,487,487,487,487,487,487,487,487,487,487,487,487,487,487,487,487,487,487,487,487,487,487,487,487,487,487,487,487,487,487,487,487,487,487,487,487,487,487,487,487,487,487,487,487,487,487,487,487,487,487,487,487,487,487,487,487,487,487,487,487,487,487,487,487,487,487,487,487,487,487
487,487,487,487,487,487,487,487,487,487,487,487,487,487,487,487,487,487,487,487,487,487,487,487,487,487,487,487,487,487,487,487,487,487,487,487,487,487,487,487,487,487,487,487,487,487,487,487,487,487,487,487,487,487,487,487,487,487,487,487,487,487,487,487,487,487,487,487,487,487,487,487,487,487,487,487,487,487,487,487,487,487,487,487,487,487,487,487,487,487,487,487,487,487,487,487,487,487,487,487,487,487,487,487,487,487,487,487,487,487,487,487,487,487,487,487,487,487,487,487,487,487,487,487,487,487,487,487,487,487,487,487,487,487,487,487,487,487,487,487,487,487,487,487,487,487,487,487,487,487,487,487,487,487,487,487,487,487,487,487,487,487,487,487,487,487,487,487,487,487,487,487,487,487,487,487,487,487,487,487,487,487,487,487,487,487,487,487,487,487,487,487,487,487,487,487,487,487,487,487,487,487,487,487,487,487,487,487,487,487,487,487,487,487,487,487,487,487,487,487,487,487,487,487,487,487,487,487,487,487,487,487,487,487,487,487,487,487,487,487,487,487,487,487,487,487,487,487,487,487,487
487,487,487,487,487,487,487,487,487,487,487,487,487,487,487,487,487,487,487,487,487,487,487,487,487,487,487,487,487,487,487,487,487,487,487,487,487,487,487,487,940,941,942,943,944,945,946,947,948,949,487,487,487,487,487,487,487,487,487,487,487,487,487,487,487,487,487,487,487,487,487,487,487,487,487,487,487,487,487,487,487,487,487,487,487,487,487,487,487,487,487,487,487,487,487,487,487,487,487,487,487,487,487,487,487,487,487,487,487,487,487,487,487,487,487,487,487,487,487,487,487,487,487,487,487,487,487,487,487,487,487,487,487,487,487,487,487,487,487,487,487,487,487,487,487,487,487,487,487,487,487,487,487,487,487,487,487,487,487,487,487,487,487,487,487,487,487,487,487,487,487,487,487,487,487,487,487,487,487,487,487,487,487,487,487,487,487,487,487,487,487,487,487,487,487,487,487,487,487,487,487,487,487,487,487,487,487,487,487,487,487,487,487,487,487,487,487,487,487,487,487,487,487,487,487,487,487,487,487,487,487,487,487,487,487,487,487,487,487,487,487,487,487,487,487,487,487,487,487,487,487
487,487,487,487,487,487,487,487,487,487,487,487,487,487,487,487,487,487,487,487,487,487,487,487,487,487,487,487,487,487,487,487,487,487,487,487,487,487,487,487,1030,1031,1032,1033,1034,1035,1036,1037,1038,1039,487,487,487,487,487,487,487,487,487,487,487,487,487,487,487,487,487,487,487,487,487,487,487,487,487,487,487,487,487,487,487,487,487,487,487,487,487,487,487,487,487,487,487,487,487,487,487,487,487,487,487,487,487,487,487,487,487,487,487,487,487,487,487,487,487,487,487,487,487,487,487,487,487,487,487,487,487,487,487,487,487,487,487,487,487,487,487,487,487,487,487,487,487,487,487,487,487,487,487,487,487,487,487,487,487,487,487,487,487,487,487,487,487,487,487,487,487,487,487,487,487,487,487,487,487,487,487,487,487,487,487,487,487,487,487,487,487,487,487,487,487,487,487,487,487,487,487,487,487,487,487,487,487,487,487,487,487,487,487,487,487,487,487,487,487,487,487,487,487,487,487,487,487,487,487,487,487,487,487,487,487,487,487,487,487,487,487,487,487,487,487,487,487,487,487,487,487,487,487,487,487
487,487,487,487,487,487,487,487,487,487,487,487,487,487,487,487,487,487,487,487,487,487,487,487,487,487,487,487,487,487,487,487,487,487,487,487,487,487,487,487,1120,1121,1122,1123,1124,1125,1126,1127,1128,1129,487,487,487,487,487,487,487,487,487,487,487,487,487,487,487,487,487,487,487,487,487,487,487,487,487,487,487,487,487,487,487,487,487,487,487,487,487,487,487,487,487,487,487,487,487,487,487,487,487,487,487,487,487,487,487,487,487,487,487,487,487,487,487,487,487,487,487,487,487,487,487,487,487,487,487,487,487,487,487,487,487,487,487,487,487,487,487,487,487,487,487,487,487,487,487,487,487,487,487,487,487,487,487,487,487,487,487,487,487,487,487,487,487,487,487,487,487,487,487,487,487,487,487,487,487,487,487,487,487,487,487,487,487,487,487,487,487,487,487,487,487,487,487,487,487,487,487,487,487,487,487,487,487,487,487,487,487,487,487,487,487,487,487,487,487,487,487,487,487,487,487,487,487,487,487,487,487,487,487,487,487,487,487,487,487,487,487,487,487,487,487,487,487,487,487,487,487,487,487,487,487
487,487,487,487,487,487,487,487,487,487,487,487,487,487,487,487,487,487,487,487,487,487,487,487,487,487,487,487,487,487,487,487,487,487,487,487,487,487,487,487,1210,1211,1212,1213,1214,1215,1216,1217,1218,1219,487,487,487,487,487,487,487,487,487,487,487,487,487,487,487,487,487,487,487,487,487,487,487,487,487,487,487,487,487,487,487,487,487,487,487,487,487,487,487,487,487,487,487,487,487,487,487,487,487,487,487,487,487,487,487,487,487,487,487,487,487,487,487,487,487,487,487,487,487,487,487,487,487,487,487,487,487,487,487,487,487,487,487,487,487,487,487,487,487,487,487,487,487,487,487,487,487,487,487,487,487,487,487,487,487,487,487,487,487,487,487,487,487,487,487,487,487,487,487,487,487,487,487,487,487,487,487,487,487,487,487,487,487,487,487,487,487,487,487,487,487,487,487,487,487,487,487,487,487,487,487,487,487,487,487,487,487,487,487,487,487,487,487,487,487,487,487,487,487,487,487,487,487,487,487,487,487,487,487,487,487,487,487,487,487,487,487,487,487,487,487,487,487,487,487,487,487,487,487,487,487
487,487,487,487,487,487,487,487,487,487,487,487,487,487,487,487,487,487,487,487,487,487,487,487,487,487,487,487,487,487,487,487,487,487,487,487,487,487,487,487,1300,1301,1302,1303,1304,1305,1306,1307,1308,1309,487,487,487,487,487,487,487,487,487,487,487,487,487,487,487,487,487,487,487,487,487,487,487,487,487,487,487,487,487,487,487,487,487,487,487,487,487,487,487,487,487,487,487,487,487,487,487,487,487,487,487,487,487,487,487,487,487,487,487,487,487,487,487,487,487,487,487,487,487,487,487,487,487,487,487,487,487,487,487,487,487,487,487,487,487,487,487,487,487,487,487,487,487,487,487,487,487,487,487,487,487,487,487,487,487,487,487,487,487,487,487,487,487,487,487,487,487,487,487,487,487,487,487,487,487,487,487,487,487,487,487,487,487,487,487,487,487,487,487,487,487,487,487,487,487,487,487,487,487,487,487,487,487,487,487,487,487,487,487,487,487,487,487,487,487,487,487,487,487,487,487,487,487,487,487,487,487,487,487,487,487,487,487,487,487,487,487,487,487,487,487,487,487,487,487,487,487,487,487,487,487
487,487,487,487,487,487,487,487,487,487,487,487,487,487,487,487,487,487,487,487,487,487,487,487,487,487,487,487,487,487,487,487,487,487,487,487,487,487,487,487,1390,1391,1392,1393,1394,1395,1396,1397,1398,1399,487,487,487,487,487,487,487,487,487,487,487,487,487,487,487,487,487,487,487,487,487,487,487,487,487,487,487,487,487,487,487,487,487,487,487,487,487,487,487,487,487,487,487,487,487,487,487,487,487,487,487,487,487,487,487,487,487,487,487,487,487,487,487,487,487,487,487,487,487,487,487,487,487,487,487,487,487,487,487,487,487,487,487,487,487,487,487,487,487,487,487,487,487,487,487,487,487,487,487,487,487,487,487,487,487,487,487,487,487,487,487,487,487,487,487,487,487,487,487,487,487,487,487,487,487,487,487,487,487,487,487,487,487,487,487,487,487,487,487,487,487,487,487,487,487,487,487,487,487,487,487,487,487,487,487,487,487,487,487,487,487,487,487,487,487,487,487,487,487,487,487,487,487,487,487,487,487,487,487,487,487,487,487,487,487,487,487,487,487,487,487,487,487,487,487,487,487,487,487,487,487
487,487,487,487,487,487,487,487,487,487,487,487,487,487,487,487,487,487,487,487,487,487,487,487,487,487,487,487,487,487,487,487,487,487,487,487,487,487,487,487,1480,1481,1482,1483,1484,1485,1486,1487,1488,1489,487,487,487,487,487,487,487,487,487,487,487,487,487,487,487,487,487,487,487,487,487,487,487,487,487,487,487,487,487,487,487,487,487,487,487,487,487,487,487,487,487,487,487,487,487,487,487,487,487,487,487,487,487,487,487,487,487,487,487,487,487,487,487,487,487,487,487,487,487,487,487,487,487,487,487,487,487,487,487,487,487,487,487,487,487,487,487,487,487,487,487,487,487,487,487,487,487,487,487,487,487,487,487,487,487,487,487,487,487,487,487,487,487,487,487,487,487,487,487,487,487,487,487,487,487,487,487,487,487,487,487,487,487,487,487,487,487,487,487,487,487,487,487,487,487,487,487,487,487,487,487,487,487,487,487,487,487,487,487,487,487,487,487,487,487,487,487,487,487,487,487,487,487,487,487,487,487,487,487,487,487,487,487,487,487,487,487,487,487,487,487,487,487,487,487,487,487,487,487,487,487
487,487,487,487,487,487,487,487,487,487,487,487,487,487,487,487,487,487,487,487,487,487,487,487,487,487,487,487,487,487,487,487,487,487,487,487,487,487,487,487,1570,1571,1572,1573,1574,1575,1576,1577,1578,1579,487,487,487,487,487,487,487,487,487,487,487,487,487,487,487,487,487,487,487,487,487,487,487,487,487,487,487,487,487,487,487,487,487,487,487,487,487,487,487,487,487,487,487,487,487,487,487,487,487,487,487,487,487,487,487,487,487,487,487,487,487,487,487,487,487,487,487,487,487,487,487,487,487,487,487,487,487,487,487,487,487,487,487,487,487,487,487,487,487,487,487,487,487,487,487,487,487,487,487,487,487,487,487,487,487,487,487,487,487,487,487,487,487,487,487,487,487,487,487,487,487,487,487,487,487,487,487,487,487,487,487,487,487,487,487,487,487,487,487,487,487,487,487,487,487,487,487,487,487,487,487,487,487,487,487,487,487,487,487,487,487,487,487,487,487,487,487,487,487,487,487,487,487,487,487,487,487,487,487,487,487,487,487,487,487,487,487,487,487,487,487,487,487,487,487,487,487,487,487,487,487
487,487,487,487,487,487,487,487,487,487,487,487,487,487,487,487,487,487,487,487,487,487,487,487,487,487,487,487,487,487,487,487,487,487,487,487,487,487,487,487,1660,1661,1662,1663,1664,1665,1666,1667,1668,1669,487,487,487,487,487,487,487,487,487,487,487,487,487,487,487,487,487,487,487,487,487,487,487,487,487,487,487,487,487,487,487,487,487,487,487,487,487,487,487,487,487,487,487,487,487,487,487,487,487,487,487,487,487,487,487,487,487,487,487,487,487,487,487,487,487,487,487,487,487,487,487,487,487,487,487,487,487,487,487,487,487,487,487,487,487,487,487,487,487,487,487,487,487,487,487,487,487,487,487,487,487,487,487,487,487,487,487,487,487,487,487,487,487,487,487,487,487,487,487,487,487,487,487,487,487,487,487,487,487,487,487,487,487,487,487,487,487,487,487,487,487,487,487,487,487,487,487,487,487,487,487,487,487,487,487,487,487,487,487,487,487,487,487,487,487,487,487,487,487,487,487,487,487,487,487,487,487,487,487,487,487,487,487,487,487,487,487,487,487,487,487,487,487,487,487,487,487,487,487,487,487
487,487,487,487,487,487,487,487,487,487,487,487,487,487,487,487,487,487,487,487,487,487,487,487,487,487,487,487,487,487,920,921,922,923,924,925,926,927,928,929,930,931,932,933,934,935,936,937,938,939,487,487,487,487,487,487,487,487,487,487,487,487,487,487,487,487,487,487,487,487,487,487,487,487,487,487,487,487,487,487,487,487,487,487,487,487,487,487,487,487,487,487,487,487,487,487,487,487,487,487,487,487,487,487,487,487,487,487,487,487,487,487,487,487,487,487,487,487,487,487,487,487,487,487,487,487,487,487,487,487,920,921,922,923,924,925,926,927,928,929,487,487,487,487,487,487,487,487,487,487,487,487,487,487,487,487,487,487,487,487,487,487,487,487,487,487,487,487,487,487,487,487,487,487,487,487,487,487,487,487,487,487,487,487,487,487,487,487,487,487,487,487,487,487,487,487,487,487,487,487,487,487,487,487,487,487,487,487,487,487,487,487,487,487,487,487,487,487,487,487,487,487,487,487,487,487,487,487,487,487,487,487,487,487,487,487,487,487,487,487,487,487,487,487,487,487,487,487,487,487,487
487,487,487,487,487,487,487,487,487,487,487,487,487,487,487,487,487,487,487,487,487,487,487,487,487,487,487,487,487,487,1010,1011,1012,1013,1014,1015,1016,1017,1018,1019,1020,1021,1022,1023,1024,1025,1026,1027,1028,1029,487,487,487,487,487,487,487,487,487,487,487,487,487,487,487,487,487,487,487,487,487,487,487,487,487,487,487,487,487,487,487,487,487,487,487,487,487,487,487,487,487,487,487,487,487,487,487,487,487,487,487,487,487,487,487,487,487,487,487,487,487,487,487,487,487,487,487,487,487,487,487,487,487,487,487,487,487,487,487,487,1010,1011,1012,1013,1014,1015,1016,1017,1018,1019,487,487,487,487,487,487,487,487,487,487,487,487,487,487,487,487,487,487,487,487,487,487,487,487,487,487,487,487,487,487,487,487,487,487,487,487,487,487,487,487,487,487,487,487,487,487,487,487,487,487,487,487,487,487,487,487,487,487,487,487,487,487,487,487,487,487,487,487,487,487,487,487,487,487,487,487,487,487,487,487,487,487,487,487,487,487,487,487,487,487,487,487,487,487,487,487,487,487,487,487,487,487,487,487,487,487,487,487,487,487,487
487,487,487,487,487,487,487,487,487,487,487,487,487,487,487,487,487,487,487,487,487,487,487,487,487,487,487,487,487,487,1100,1101,1102,1103,1104,1105,1106,1107,1108,1109,1110,1111,1112,1113,1114,1115,1116,1117,1118,1119,487,487,487,487,487,487,487,487,487,487,487,487,487,487,487,487,487,487,487,487,487,487,487,487,487,487,487,487,487,487,487,487,487,487,487,487,487,487,487,487,487,487,487,487,487,487,487,487,487,487,487,487,487,487,487,487,487,487,487,487,487,487,487,487,487,487,487,487,487,487,487,487,487,487,487,487,487,487,487,487,1100,1101,1102,1103,1104,1105,1106,1107,1108,1109,487,487,487,487,487,487,487,487,487,487,487,487,487,487,487,487,487,487,487,487,487,487,487,487,487,487,487,487,487,487,487,487,487,487,487,487,487,487,487,487,487,487,487,487,487,487,487,487,487,487,487,487,487,487,487,487,487,487,487,487,487,487,487,487,487,487,487,487,487,487,487,487,487,487,487,487,487,487,487,487,487,487,487,487,487,487,487,487,487,487,487,487,487,487,487,487,487,487,487,487,487,487,487,487,487,487,487,487,487,487,487
487,487,487,487,487,487,487,487,487,487,487,487,487,487,487,487,487,487,487,487,487,487,487,487,487,487,487,487,487,487,1190,1191,1192,1193,1194,1195,1196,1197,1198,1199,1200,1201,1202,1203,1204,1205,1206,1207,1208,1209,487,487,487,487,487,487,487,487,487,487,487,487,487,487,487,487,487,487,487,487,487,487,487,487,487,487,487,487,487,487,487,487,487,487,487,487,487,487,487,487,487,487,487,487,487,487,487,487,487,487,487,487,487,487,487,487,487,487,487,487,487,487,487,487,487,487,487,487,487,487,487,487,487,487,487,487,487,487,487,487,1190,1191,1192,1193,1194,1195,1196,1197,1198,1199,487,487,487,487,487,487,487,487,487,487,487,487,487,487,487,487,487,487,487,487,487,487,487,487,487,487,487,487,487,487,487,487,487,487,487,487,487,487,487,487,487,487,487,487,487,487,487,487,487,487,487,487,487,487,487,487,487,487,487,487,487,487,487,487,487,487,487,487,487,487,487,487,487,487,487,487,487,487,487,487,487,487,487,487,487,487,487,487,487,487,487,487,487,487,487,487,487,487,487,487,487,487,487,487,487,487,487,487,487,487,487
487,487,487,487,487,487,487,487,487,487,487,487,487,487,487,487,487,487,487,487,487,487,487,487,487,487,487,487,487,487,1280,1281,1282,1283,1284,1285,1286,1287,1288,1289,1290,1291,1292,1293,1294,1295,1296,1297,1298,1299,487,487,487,487,487,487,487,487,487,487,487,487,487,487,487,487,487,487,487,487,487,487,487,487,487,487,487,487,487,487,487,487,487,487,487,487,487,487,487,487,487,487,487,487,487,487,487,487,487,487,487,487,487,487,487,487,487,487,487,487,487,487,487,487,487,487,487,487,487,487,487,487,487,487,487,487,487,487,487,487,1280,1281,1282,1283,1284,1285,1286,1287,1288,1289,487,487,487,487,487,487,487,487,487,487,487,487,487,487,487,487,487,487,487,487,487,487,487,487,487,487,487,487,487,487,487,487,487,487,487,487,487,487,487,487,487,487,487,487,487,487,487,487,487,487,487,487,487,487,487,487,487,487,487,487,487,487,487,487,487,487,487,487,487,487,487,487,487,487,487,487,487,487,487,487,487,487,487,487,487,487,487,487,487,487,487,487,487,487,487,487,487,487,487,487,487,487,487,487,487,487,487,487,487,487,487
487,487,487,487,487,487,487,487,487,487,487,487,487,487,487,487,487,487,487,487,487,487,487,487,487,487,487,487,487,487,1370,1371,1372,1373,1374,1375,1376,1377,1378,1379,1380,1381,1382,1383,1384,1385,1386,1387,1388,1389,487,487,487,487,487,487,487,487,487,487,487,487,487,487,487,487,487,487,487,487,487,487,487,487,487,487,487,487,487,487,487,487,487,487,487,487,487,487,487,487,487,487,487,487,487,487,487,487,487,487,487,487,487,487,487,487,487,487,487,487,487,487,487,487,487,487,487,487,487,487,487,487,487,487,487,487,487,487,487,487,1370,1371,1372,1373,1374,1375,1376,1377,1378,1379,487,487,487,487,487,487,487,487,487,487,487,487,487,487,487,487,487,487,487,487,487,487,487,487,487,487,487,487,487,487,487,487,487,487,487,487,487,487,487,487,487,487,487,487,487,487,487,487,487,487,487,487,487,487,487,487,487,487,487,487,487,487,487,487,487,487,487,487,487,487,487,487,487,487,487,487,487,487,487,487,487,487,487,487,487,487,487,487,487,487,487,487,487,487,487,487,487,487,487,487,487,487,487,487,487,487,487,487,487,487,487
487,487,487,487,487,487,487,487,487,487,487,487,487,487,487,487,487,487,487,487,487,487,487,487,487,487,487,487,487,487,1460,1461,1462,1463,1464,1465,1466,1467,1468,1469,1470,1471,1472,1473,1474,1475,1476,1477,1478,1479,487,487,487,487,487,487,487,487,487,487,487,487,487,487,487,487,487,487,487,487,487,487,487,487,487,487,487,487,487,487,487,487,487,487,487,487,487,487,487,487,487,487,487,487,487,487,487,487,487,487,487,487,487,487,487,487,487,487,487,487,487,487,487,487,487,487,487,487,487,487,487,487,487,487,487,487,487,487,487,487,1460,1461,1462,1463,1464,1465,1466,1467,1468,1469,487,487,487,487,487,487,487,487,487,487,487,487,487,487,487,487,487,487,487,487,487,487,487,487,487,487,487,487,487,487,487,487,487,487,487,487,487,487,487,487,487,487,487,487,487,487,487,487,487,487,487,487,487,487,487,487,487,487,487,487,487,487,487,487,487,487,487,487,487,487,487,487,487,487,487,487,487,487,487,487,487,487,487,487,487,487,487,487,487,487,487,487,487,487,487,487,487,487,487,487,487,487,487,487,487,487,487,487,487,487,487
487,487,487,487,487,487,487,487,487,487,487,487,487,487,487,487,487,487,487,487,487,487,487,487,487,487,487,487,487,487,1550,1551,1552,1553,1554,1555,1556,1557,1558,1559,1560,1561,1562,1563,1564,1565,1566,1567,1568,1569,487,487,487,487,487,487,487,487,487,487,487,487,487,487,487,487,487,487,487,487,487,487,487,487,487,487,487,487,487,487,487,487,487,487,487,487,487,487,487,487,487,487,487,487,487,487,487,487,487,487,487,487,487,487,487,487,487,487,487,487,487,487,487,487,487,487,487,487,487,487,487,487,487,487,487,487,487,487,487,487,1550,1551,1552,1553,1554,1555,1556,1557,1558,1559,487,487,487,487,487,487,487,487,487,487,487,487,487,487,487,487,487,487,487,487,487,487,487,487,487,487,487,487,487,487,487,487,487,487,487,487,487,487,487,487,487,487,487,487,487,487,487,487,487,487,487,487,487,487,487,487,487,487,487,487,487,487,487,487,487,487,487,487,487,487,487,487,487,487,487,487,487,487,487,487,487,487,487,487,487,487,487,487,487,487,487,487,487,487,487,487,487,487,487,487,487,487,487,487,487,487,487,487,487,487,487
487,487,487,487,487,487,487,487,487,487,487,487,487,487,487,487,487,487,487,487,487,487,487,487,487,487,487,487,487,487,1640,1641,1642,1643,1644,1645,1646,1647,1648,1649,1650,1651,1652,1653,1654,1655,1656,1657,1658,1659,487,487,487,487,487,487,487,487,487,487,487,487,487,487,487,487,487,487,487,487,487,487,487,487,487,487,487,487,487,487,487,487,487,487,487,487,487,487,487,487,487,487,487,487,487,487,487,487,487,487,487,487,487,487,487,487,487,487,487,487,487,487,487,487,487,487,487,487,487,487,487,487,487,487,487,487,487,487,487,487,1640,1641,1642,1643,1644,1645,1646,1647,1648,1649,487,487,487,487,487,487,487,487,487,487,487,487,487,487,487,487,487,487,487,487,487,487,487,487,487,487,487,487,487,487,487,487,487,487,487,487,487,487,487,487,487,487,487,487,487,487,487,487,487,487,487,487,487,487,487,487,487,487,487,487,487,487,487,487,487,487,487,487,487,487,487,487,487,487,487,487,487,487,487,487,487,487,487,487,487,487,487,487,487,487,487,487,487,487,487,487,487,487,487,487,487,487,487,487,487,487,487,487,487,487,487
60,61,60,60,61,62,63,64,60,60,60,60,60,60,60,60,60,60,60,60,60,60,60,60,60,60,60,60,60,60,60,60,61,60,60,60,61,62,63,64,60,60,60,60,60,60,61,62,63,64,60,60,60,61,62,63,64,65,66,67,60,60,61,62,60,60,60,60,60,61,62,63,64,65,66,60,60,60,60,60,60,60,60,60,60,60,60,60,60,60,60,60,60,60,60,60,60,60,60,60,60,61,62,63,64,65,66,67,68,69,60,60,60,60,60,60,60,60,60,60,60,60,60,60,60,60,60,60,60,60,60,60,60,60,60,60,60,60,60,61,62,63,64,60,60,60,60,60,60,60,60,60,61,62,63,64,65,66,67,60,60,60,60,60,60,60,60,60,61,62,63,64,60,60,60,60,60,60,60,60,60,60,60,60,60,60,60,60,60,60,60,60,60,60,60,60,60,60,61,62,63,64,65,60,60,60,60,60,60,60,60,60,60,60,60,60,60,60,60,60,60,60,60,60,60,60,60,60,60,60,60,61,62,63,60,60,60,60,60,60,60,60,60,60,60,60,60,61,62,63,64
150,151,150,60,60,60,60,60,150,150,150,150,150,150,150,150,150,150,150,150,150,150,150,150,150,150,150,150,150,150,150,150,151,150,150,60,60,60,60,60,150,150,150,150,150,60,60,60,60,60,150,150,60,60,60,60,60,60,60,60,150,60,60,60,150,150,150,150,150,151,152,153,154,155,156,150,150,150,150,150,150,150,150,150,150,150,150,150,150,150,150,150,150,150,150,150,150,150,150,150,150,151,152,153,154,155,156,157,158,159,150,150,150,150,150,150,150,150,150,150,150,150,150,150,150,150,150,150,150,150,150,150,150,150,150,150,150,150,60,60,60,60,60,150,150,150,150,150,150,150,150,60,60,60,60,60,60,60,60,150,150,150,150,150,150,150,150,150,151,152,153,154,150,150,150,150,150,150,150,150,150,150,150,150,150,150,150,150,150,150,150,150,150,150,150,150,150,150,151,152,153,154,155,150,150,150,150,150,150,150,150,150,150,150,150,150,150,150,150,150,150,150,150,150,150,150,150,150,150,150,150,151,152,153,150,150,150,150,150,150,150,150,150,150,150,150,150,151,152,153,154
60,61,62,150,150,150,150,150,150,151,152,153,154,155,156,157,158,159,68,69,60,61,62,63,64,65,66,67,68,69,60,61,62,63,64,150,150,150,150,150,150,151,152,153,154,150,150,150,150,150,150,151,150,150,150,150,150,150,150,150,150,150,150,150,150,151,152,153,154,155,156,157,158,159,64,65,66,67,68,69,60,61,62,63,64,65,66,67,68,69,60,61,62,63,64,65,66,67,68,69,60,61,62,63,64,65,66,67,68,69,60,61,62,63,64,65,66,67,68,69,60,61,62,63,64,65,66,67,68,69,60,61,62,63,64,65,66,67,150,150,150,150,150,151,152,153,154,155,156,157,158,150,150,150,150,150,150,150,150,150,151,152,153,154,155,156,157,158,159,69,60,61,62,63,64,65,66,67,68,69,60,61,62,63,64,65,66,67,68,69,60,61,62,63,64,65,66,67,68,69,60,61,62,63,64,65,66,67,68,69,60,61,62,63,64,65,66,67,68,69,60,61,62,63,64,65,66,67,68,69,60,61,62,63,64,65,66,67,68,69,60,61,62,63,64,65,66,67,68,69,60
60,61,62,63,64,65,66,67,68,69,150,151,152,153,154,155,156,157,158,159,150,151,152,153,154,155,156,157,158,159,150,151,152,153,154,155,156,157,158,159,150,151,152,153,154,155,156,157,158,159,150,151,152,153,154,155,156,157,158,159,150,151,152,153,154,155,156,157,158,159,150,151,152,153,154,155,156,157,158,159,150,151,152,153,154,155,156,157,158,159,150,151,152,153,154,155,156,157,158,159,150,151,152,153,154,155,156,157,158,159,150,151,152,153,154,155,156,157,158,159,150,151,152,153,154,155,156,157,158,159,150,151,152,153,154,155,156,157,158,159,150,151,152,153,154,155,156,157,158,159,150,151,152,153,154,155,156,157,158,159,150,151,152,153,154,155,156,157,158,159,150,151,152,153,154,155,156,157,158,159,150,151,152,153,154,155,156,157,158,159,150,151,152,153,154,155,156,157,158,159,150,151,152,153,154,155,156,157,158,159,150,151,152,153,154,155,156,157,158,159,150,151,152,153,154,155,156,157,158,159,150,151,152,153,154,155,156,157,158,159,150,151,152,153,154,155,156,157,158,159,150
60,61,62,63,64,65,66,67,68,69,60,61,62,63,64,65,66,67,68,69,60,61,62,63,64,65,66,67,68,69,60,61,62,63,64,65,66,67,68,69,60,61,62,63,64,65,66,67,68,69,60,61,62,63,64,65,66,67,68,69,60,61,62,63,64,65,66,67,68,69,60,61,62,63,64,65,66,67,68,69,60,61,62,63,64,65,66,67,68,69,60,61,62,63,64,65,66,67,68,69,60,61,62,63,64,65,66,67,68,69,60,61,62,63,64,65,66,67,68,69,60,61,62,63,64,65,66,67,68,69,60,61,62,63,64,65,66,67,68,69,60,61,62,63,64,65,66,67,68,69,60,61,62,63,64,65,66,67,68,69,60,61,62,63,64,65,66,67,68,69,60,61,62,63,64,65,66,67,68,69,60,61,62,63,64,65,66,67,68,69,60,61,62,63,64,65,66,67,68,69,60,61,62,63,64,65,66,67,68,69,60,61,62,63,64,65,66,67,68,69,60,61,62,63,64,65,66,67,68,69,60,61,62,63,64,65,66,67,68,69,60,61,62,63,64,65,66,67,68,69,60
150,151,152,153,154,155,156,157,158,159,150,151,152,153,154,155,156,157,158,159,150,151,152,153,154,155,156,157,158,159,150,151,152,153,154,155,156,157,158,159,150,151,152,153,154,155,156,157,158,159,150,151,152,153,154,155,156,157,158,159,150,151,152,153,154,155,156,157,158,159,150,151,152,153,154,155,156,157,158,159,150,151,152,153,154,155,156,157,158,159,150,151,152,153,154,155,156,157,158,159,150,151,152,153,154,155,156,157,158,159,150,151,152,153,154,155,156,157,158,159,150,151,152,153,154,155,156,157,158,159,150,151,152,153,154,155,156,157,158,159,150,151,152,153,154,155,156,157,158,159,150,151,152,153,154,155,156,157,158,159,150,151,152,153,154,155,156,157,158,159,150,151,152,153,154,155,156,157,158,159,150,151,152,153,154,155,156,157,158,159,150,151,152,153,154,155,156,157,158,159,150,151,152,153,154,155,156,157,158,159,150,151,152,153,154,155,156,157,158,159,150,151,152,153,154,155,156,157,158,159,150,151,152,153,154,155,156,157,158,159,150,151,152,153,154,155,156,157,158,159,150
